"plantID","row","individual","treatment","rep","accession","line","uniqueID","flowering"
"PI234011-4","3","1","medN","1","PI234011","4","PI234011-4_medN1",
"PI281111-3","3","2","medN","1","PI281111","3","PI281111-3_medN1","NA"
"PI275138-5","3","3","medN","1","PI275138","5","PI275138-5_medN1","2022-07-06"
"PI234011-13","3","4","medN","1","PI234011","13","PI234011-13_medN1","NA"
"PI275138-7","3","5","medN","1","PI275138","7","PI275138-7_medN1","2022-07-06"
"PI281111-8","3","6","medN","1","PI281111","8","PI281111-8_medN1","2022-07-29"
"PI281111-2","3","7","medN","1","PI281111","2","PI281111-2_medN1","2022-07-31"
"PI230503-2","3","8","medN","1","PI230503","2","PI230503-2_medN1",
"PI473281-9","3","9","medN","1","PI473281","9","PI473281-9_medN1",
"PI473281-10","3","10","medN","1","PI473281","10","PI473281-10_medN1","2022-07-31"
"PI230503-11","3","11","medN","1","PI230503","11","PI230503-11_medN1","2022-07-28"
"PI498298-7","3","12","medN","1","PI498298","7","PI498298-7_medN1","2022-07-11"
"PI498300-7","3","13","medN","1","PI498300","7","PI498300-7_medN1","2022-07-06"
"PI365344-11","3","14","medN","1","PI365344","11","PI365344-11_medN1",
"PI275138-10","3","15","medN","1","PI275138","10","PI275138-10_medN1","NA"
"PI234011-10","3","16","medN","1","PI234011","10","PI234011-10_medN1","NA"
"PI473281-14","3","17","medN","1","PI473281","14","PI473281-14_medN1",
"PI230503-7","3","18","medN","1","PI230503","7","PI230503-7_medN1",
"PI498298-10","3","19","medN","1","PI498298","10","PI498298-10_medN1","2022-07-11"
"PI472944-6","3","20","medN","1","PI472944","6","PI472944-6_medN1","2022-07-12"
"PI472944-8","3","21","medN","1","PI472944","8","PI472944-8_medN1","2022-07-10"
"PI230503-14","3","22","medN","1","PI230503","14","PI230503-14_medN1","NA"
"PI234011-9","3","23","medN","1","PI234011","9","PI234011-9_medN1","2022-07-08"
"PI498300-1","3","24","medN","1","PI498300","1","PI498300-1_medN1","NA"
"PI365344-14","3","25","medN","1","PI365344","14","PI365344-14_medN1","NA"
"PI281111-9","3","26","medN","1","PI281111","9","PI281111-9_medN1","2022-07-07"
"PI275138-12","3","27","medN","1","PI275138","12","PI275138-12_medN1","2022-07-06"
"PI498300-6","3","28","medN","1","PI498300","6","PI498300-6_medN1","NA"
"PI472944-11","3","29","medN","1","PI472944","11","PI472944-11_medN1","2022-07-14"
"PI472944-7","3","30","medN","1","PI472944","7","PI472944-7_medN1","2022-07-06"
"PI275138-6","3","31","medN","1","PI275138","6","PI275138-6_medN1","2022-07-12"
"PI234011-3","3","32","medN","1","PI234011","3","PI234011-3_medN1",
"PI275138-9","3","33","medN","1","PI275138","9","PI275138-9_medN1","NA"
"PI498300-5","3","34","medN","1","PI498300","5","PI498300-5_medN1","2022-07-10"
"PI365344-10","3","35","medN","1","PI365344","10","PI365344-10_medN1","NA"
"PI230503-12","3","36","medN","1","PI230503","12","PI230503-12_medN1","2022-07-28"
"PI498298-1","3","37","medN","1","PI498298","1","PI498298-1_medN1","2022-07-19"
"PI473281-6","3","38","medN","1","PI473281","6","PI473281-6_medN1","2022-08-01"
"PI234011-8","3","39","medN","1","PI234011","8","PI234011-8_medN1",
"PI230503-13","3","40","medN","1","PI230503","13","PI230503-13_medN1",
"PI498300-9","3","41","medN","1","PI498300","9","PI498300-9_medN1","2022-07-10"
"PI281111-10","3","42","medN","1","PI281111","10","PI281111-10_medN1","2022-08-01"
"PI281111-7","3","43","medN","1","PI281111","7","PI281111-7_medN1",
"PI473281-8","3","44","medN","1","PI473281","8","PI473281-8_medN1","2022-08-02"
"PI281111-6","3","45","medN","1","PI281111","6","PI281111-6_medN1","2022-08-01"
"PI498298-15","3","46","medN","1","PI498298","15","PI498298-15_medN1","2022-07-11"
"PI225677-6","3","47","medN","1","PI225677","6","PI225677-6_medN1","NA"
"PI473281-3","3","48","medN","1","PI473281","3","PI473281-3_medN1","2022-07-28"
"PI230503-10","3","49","medN","1","PI230503","10","PI230503-10_medN1","2022-07-26"
"PI472944-12","3","50","medN","1","PI472944","12","PI472944-12_medN1","2022-07-12"
"PI498300-12","3","51","medN","1","PI498300","12","PI498300-12_medN1",
"PI230503-1","3","52","medN","1","PI230503","1","PI230503-1_medN1",
"PI498300-8","3","53","medN","1","PI498300","8","PI498300-8_medN1","2022-07-29"
"PI365344-4","3","54","medN","1","PI365344","4","PI365344-4_medN1","NA"
"PI230503-15","3","55","medN","1","PI230503","15","PI230503-15_medN1",
"PI498300-2","3","56","medN","1","PI498300","2","PI498300-2_medN1","2022-07-29"
"PI275138-11","3","57","medN","1","PI275138","11","PI275138-11_medN1","2022-07-06"
"PI275138-14","3","58","medN","1","PI275138","14","PI275138-14_medN1","2022-07-06"
"PI498298-14","3","59","medN","1","PI498298","14","PI498298-14_medN1","2022-07-10"
"PI275138-1","3","60","medN","1","PI275138","1","PI275138-1_medN1","2022-07-15"
"PI498298-3","3","61","medN","1","PI498298","3","PI498298-3_medN1","2022-07-15"
"PI498300-13","3","62","medN","1","PI498300","13","PI498300-13_medN1","2022-07-21"
"PI473281-5","3","63","medN","1","PI473281","5","PI473281-5_medN1","2022-08-06"
"PI498300-15","3","64","medN","1","PI498300","15","PI498300-15_medN1","2022-07-21"
"PI473281-4","3","65","medN","1","PI473281","4","PI473281-4_medN1","2022-07-20"
"PI498300-14","3","66","medN","1","PI498300","14","PI498300-14_medN1","2022-07-05"
"PI225677-7","3","67","medN","1","PI225677","7","PI225677-7_medN1",
"PI473281-2","3","68","medN","1","PI473281","2","PI473281-2_medN1","2022-08-06"
"PI281111-12","3","69","medN","1","PI281111","12","PI281111-12_medN1","2022-08-05"
"PI498300-11","3","70","medN","1","PI498300","11","PI498300-11_medN1","2022-07-20"
"PI365344-6","3","71","medN","1","PI365344","6","PI365344-6_medN1","NA"
"PI365344-12","3","72","medN","1","PI365344","12","PI365344-12_medN1","NA"
"PI281111-14","3","73","medN","1","PI281111","14","PI281111-14_medN1","2022-07-26"
"PI472944-2","3","74","medN","1","PI472944","2","PI472944-2_medN1","2022-07-15"
"PI365344-15","3","75","medN","1","PI365344","15","PI365344-15_medN1","NA"
"PI498298-5","3","76","medN","1","PI498298","5","PI498298-5_medN1",
"PI498298-8","3","77","medN","1","PI498298","8","PI498298-8_medN1","2022-07-19"
"PI472944-9","3","78","medN","1","PI472944","9","PI472944-9_medN1","2022-07-15"
"PI275138-2","3","79","medN","1","PI275138","2","PI275138-2_medN1","2022-07-06"
"PI498298-6","3","80","medN","1","PI498298","6","PI498298-6_medN1","2022-07-26"
"PI472944-14","3","81","medN","1","PI472944","14","PI472944-14_medN1","2022-07-06"
"PI473281-12","3","82","medN","1","PI473281","12","PI473281-12_medN1","NA"
"PI365344-1","3","83","medN","1","PI365344","1","PI365344-1_medN1","NA"
"PI473281-7","3","84","medN","1","PI473281","7","PI473281-7_medN1","2022-07-28"
"PI498300-3","3","85","medN","1","PI498300","3","PI498300-3_medN1","NA"
"PI275138-13","3","86","medN","1","PI275138","13","PI275138-13_medN1","2022-07-07"
"PI498298-11","3","87","medN","1","PI498298","11","PI498298-11_medN1","NA"
"PI472944-3","3","88","medN","1","PI472944","3","PI472944-3_medN1","2022-07-12"
"PI498298-12","3","89","medN","1","PI498298","12","PI498298-12_medN1","2022-07-23"
"PI281111-11","3","90","medN","1","PI281111","11","PI281111-11_medN1",
"PI365344-9","3","91","medN","1","PI365344","9","PI365344-9_medN1","NA"
"PI473281-11","3","92","medN","1","PI473281","11","PI473281-11_medN1","2022-08-01"
"PI365344-2","3","93","medN","1","PI365344","2","PI365344-2_medN1","2022-07-21"
"PI498298-4","3","94","medN","1","PI498298","4","PI498298-4_medN1","2022-07-20"
"PI234011-1","3","95","medN","1","PI234011","1","PI234011-1_medN1","2022-08-04"
"PI234011-12","3","96","medN","1","PI234011","12","PI234011-12_medN1","2022-08-02"
"PI498300-10","3","97","medN","1","PI498300","10","PI498300-10_medN1","2022-07-06"
"PI365344-13","3","98","medN","1","PI365344","13","PI365344-13_medN1","2022-08-10"
"PI225677-2","3","99","medN","1","PI225677","2","PI225677-2_medN1",
"PI365344-5","3","100","medN","1","PI365344","5","PI365344-5_medN1","2022-07-20"
"PI472944-13","3","101","medN","1","PI472944","13","PI472944-13_medN1","2022-07-12"
"PI473281-13","3","102","medN","1","PI473281","13","PI473281-13_medN1","2022-07-29"
"PI472944-1","3","103","medN","1","PI472944","1","PI472944-1_medN1","2022-07-08"
"PI234011-15","3","104","medN","1","PI234011","15","PI234011-15_medN1","NA"
"PI275138-4","3","105","medN","1","PI275138","4","PI275138-4_medN1","2022-07-06"
"PI275138-8","3","106","medN","1","PI275138","8","PI275138-8_medN1","2022-07-12"
"PI225677-4","3","107","medN","1","PI225677","4","PI225677-4_medN1","NA"
"PI473281-15","3","108","medN","1","PI473281","15","PI473281-15_medN1","2022-07-30"
"PI472944-10","3","109","medN","1","PI472944","10","PI472944-10_medN1","2022-07-10"
"PI472944-4","3","110","medN","1","PI472944","4","PI472944-4_medN1","2022-07-08"
"PI498298-2","3","111","medN","1","PI498298","2","PI498298-2_medN1","2022-07-21"
"PI281111-5","3","112","medN","1","PI281111","5","PI281111-5_medN1","2022-08-04"
"PI281111-13","3","113","medN","1","PI281111","13","PI281111-13_medN1","2022-08-02"
"PI230503-8","3","114","medN","1","PI230503","8","PI230503-8_medN1","2022-07-29"
"PI275138-3","3","115","medN","1","PI275138","3","PI275138-3_medN1","2022-07-15"
"PI234011-6","3","116","medN","1","PI234011","6","PI234011-6_medN1",
"PI234011-11","3","117","medN","1","PI234011","11","PI234011-11_medN1","2022-07-28"
"PI472944-5","3","118","medN","1","PI472944","5","PI472944-5_medN1","NA"
"PI225677-10","3","119","medN","1","PI225677","10","PI225677-10_medN1","2022-07-27"
"PI365344-3","3","120","medN","1","PI365344","3","PI365344-3_medN1","NA"
"PI281111-1","3","121","medN","1","PI281111","1","PI281111-1_medN1","2022-08-02"
"PI234011-14","3","122","medN","1","PI234011","14","PI234011-14_medN1","NA"
"PI234011-2","3","123","medN","1","PI234011","2","PI234011-2_medN1",
"PI281111-4","3","124","medN","1","PI281111","4","PI281111-4_medN1","NA"
"PI498298-13","3","125","medN","1","PI498298","13","PI498298-13_medN1","2022-07-23"
"PI498298-9","3","126","medN","1","PI498298","9","PI498298-9_medN1","2022-07-21"
"PI473281-1","3","127","medN","1","PI473281","1","PI473281-1_medN1","2022-07-25"
"PI365344-8","3","128","medN","1","PI365344","8","PI365344-8_medN1","NA"
"PI498300-4","3","129","medN","1","PI498300","4","PI498300-4_medN1","2022-08-01"
"PI225677-11","3","130","medN","1","PI225677","11","PI225677-11_medN1","NA"
"PI225677-14","3","131","medN","1","PI225677","14","PI225677-14_medN1",
"PI230503-9","3","132","medN","1","PI230503","9","PI230503-9_medN1","2022-08-06"
"PI234011-3","4","132","medN","2","PI234011","3","PI234011-3_medN2","2022-08-05"
"PI234011-6","4","131","medN","2","PI234011","6","PI234011-6_medN2","2022-08-03"
"PI230503-7","4","130","medN","2","PI230503","7","PI230503-7_medN2",
"PI281111-4","4","129","medN","2","PI281111","4","PI281111-4_medN2","NA"
"PI234011-12","4","128","medN","2","PI234011","12","PI234011-12_medN2","2022-08-05"
"PI498298-8","4","127","medN","2","PI498298","8","PI498298-8_medN2","2022-07-20"
"PI498300-1","4","126","medN","2","PI498300","1","PI498300-1_medN2","2022-07-11"
"PI225677-6","4","125","medN","2","PI225677","6","PI225677-6_medN2","2022-07-14"
"PI498300-15","4","124","medN","2","PI498300","15","PI498300-15_medN2","2022-07-10"
"PI498300-6","4","123","medN","2","PI498300","6","PI498300-6_medN2","NA"
"PI498298-2","4","122","medN","2","PI498298","2","PI498298-2_medN2","2022-07-22"
"PI498300-2","4","121","medN","2","PI498300","2","PI498300-2_medN2",
"PI281111-11","4","120","medN","2","PI281111","11","PI281111-11_medN2","NA"
"PI498298-6","4","119","medN","2","PI498298","6","PI498298-6_medN2","2022-07-12"
"PI275138-13","4","118","medN","2","PI275138","13","PI275138-13_medN2","2022-07-06"
"PI472944-1","4","117","medN","2","PI472944","1","PI472944-1_medN2","2022-07-06"
"PI234011-9","4","116","medN","2","PI234011","9","PI234011-9_medN2","2022-07-28"
"PI473281-7","4","115","medN","2","PI473281","7","PI473281-7_medN2",
"PI275138-7","4","114","medN","2","PI275138","7","PI275138-7_medN2","2022-07-06"
"PI281111-1","4","113","medN","2","PI281111","1","PI281111-1_medN2","2022-07-28"
"PI275138-3","4","112","medN","2","PI275138","3","PI275138-3_medN2","2022-07-08"
"PI234011-14","4","111","medN","2","PI234011","14","PI234011-14_medN2","NA"
"PI472944-4","4","110","medN","2","PI472944","4","PI472944-4_medN2","2022-07-08"
"PI225677-11","4","109","medN","2","PI225677","11","PI225677-11_medN2","NA"
"PI230503-1","4","108","medN","2","PI230503","1","PI230503-1_medN2","NA"
"PI234011-15","4","107","medN","2","PI234011","15","PI234011-15_medN2","NA"
"PI498298-3","4","106","medN","2","PI498298","3","PI498298-3_medN2","2022-07-16"
"PI498298-9","4","105","medN","2","PI498298","9","PI498298-9_medN2","2022-07-22"
"PI498300-12","4","104","medN","2","PI498300","12","PI498300-12_medN2","NA"
"PI365344-1","4","103","medN","2","PI365344","1","PI365344-1_medN2","NA"
"PI225677-14","4","102","medN","2","PI225677","14","PI225677-14_medN2",
"PI472944-10","4","101","medN","2","PI472944","10","PI472944-10_medN2","2022-07-10"
"PI365344-12","4","100","medN","2","PI365344","12","PI365344-12_medN2","2022-07-29"
"PI498298-7","4","99","medN","2","PI498298","7","PI498298-7_medN2","2022-07-19"
"PI498300-7","4","98","medN","2","PI498300","7","PI498300-7_medN2","2022-07-06"
"PI473281-3","4","97","medN","2","PI473281","3","PI473281-3_medN2","2022-07-22"
"PI472944-6","4","96","medN","2","PI472944","6","PI472944-6_medN2","2022-07-12"
"PI473281-6","4","95","medN","2","PI473281","6","PI473281-6_medN2","2022-08-07"
"PI498300-8","4","94","medN","2","PI498300","8","PI498300-8_medN2","2022-08-10"
"PI234011-13","4","93","medN","2","PI234011","13","PI234011-13_medN2",
"PI275138-10","4","92","medN","2","PI275138","10","PI275138-10_medN2","2022-07-06"
"PI498300-13","4","91","medN","2","PI498300","13","PI498300-13_medN2","2022-07-16"
"PI230503-9","4","90","medN","2","PI230503","9","PI230503-9_medN2","2022-08-03"
"PI472944-14","4","89","medN","2","PI472944","14","PI472944-14_medN2","2022-07-12"
"PI498298-12","4","88","medN","2","PI498298","12","PI498298-12_medN2","2022-07-22"
"PI473281-2","4","87","medN","2","PI473281","2","PI473281-2_medN2","NA"
"PI365344-11","4","86","medN","2","PI365344","11","PI365344-11_medN2","NA"
"PI473281-4","4","85","medN","2","PI473281","4","PI473281-4_medN2","2022-08-04"
"PI234011-10","4","84","medN","2","PI234011","10","PI234011-10_medN2","NA"
"PI275138-9","4","83","medN","2","PI275138","9","PI275138-9_medN2","2022-07-06"
"PI234011-2","4","82","medN","2","PI234011","2","PI234011-2_medN2","2022-08-08"
"PI498298-11","4","81","medN","2","PI498298","11","PI498298-11_medN2","NA"
"PI498298-1","4","80","medN","2","PI498298","1","PI498298-1_medN2","2022-07-18"
"PI230503-11","4","79","medN","2","PI230503","11","PI230503-11_medN2","2022-07-30"
"PI230503-8","4","78","medN","2","PI230503","8","PI230503-8_medN2","NA"
"PI365344-3","4","77","medN","2","PI365344","3","PI365344-3_medN2","NA"
"PI230503-14","4","76","medN","2","PI230503","14","PI230503-14_medN2","2022-08-09"
"PI275138-14","4","75","medN","2","PI275138","14","PI275138-14_medN2","2022-07-06"
"PI365344-5","4","74","medN","2","PI365344","5","PI365344-5_medN2","2022-07-20"
"PI472944-13","4","73","medN","2","PI472944","13","PI472944-13_medN2","2022-07-11"
"PI498298-14","4","72","medN","2","PI498298","14","PI498298-14_medN2","2022-07-23"
"PI281111-2","4","71","medN","2","PI281111","2","PI281111-2_medN2","2022-07-30"
"PI498298-15","4","70","medN","2","PI498298","15","PI498298-15_medN2","2022-07-16"
"PI472944-2","4","69","medN","2","PI472944","2","PI472944-2_medN2","2022-07-08"
"PI230503-13","4","68","medN","2","PI230503","13","PI230503-13_medN2",
"PI281111-12","4","67","medN","2","PI281111","12","PI281111-12_medN2","2022-07-29"
"PI275138-1","4","66","medN","2","PI275138","1","PI275138-1_medN2","2022-07-09"
"PI281111-13","4","65","medN","2","PI281111","13","PI281111-13_medN2",
"PI230503-2","4","64","medN","2","PI230503","2","PI230503-2_medN2",
"PI275138-6","4","63","medN","2","PI275138","6","PI275138-6_medN2","2022-07-08"
"PI472944-8","4","62","medN","2","PI472944","8","PI472944-8_medN2","NA"
"PI365344-15","4","61","medN","2","PI365344","15","PI365344-15_medN2","NA"
"PI498300-5","4","60","medN","2","PI498300","5","PI498300-5_medN2","2022-07-12"
"PI275138-5","4","59","medN","2","PI275138","5","PI275138-5_medN2","2022-07-07"
"PI472944-9","4","58","medN","2","PI472944","9","PI472944-9_medN2","2022-07-09"
"PI473281-13","4","57","medN","2","PI473281","13","PI473281-13_medN2","2022-07-31"
"PI498300-3","4","56","medN","2","PI498300","3","PI498300-3_medN2","2022-07-08"
"PI281111-9","4","55","medN","2","PI281111","9","PI281111-9_medN2","2022-07-13"
"PI365344-13","4","54","medN","2","PI365344","13","PI365344-13_medN2","2022-07-26"
"PI225677-10","4","53","medN","2","PI225677","10","PI225677-10_medN2","2022-07-17"
"PI473281-10","4","52","medN","2","PI473281","10","PI473281-10_medN2","2022-08-02"
"PI234011-4","4","51","medN","2","PI234011","4","PI234011-4_medN2",
"PI230503-15","4","50","medN","2","PI230503","15","PI230503-15_medN2",
"PI281111-5","4","49","medN","2","PI281111","5","PI281111-5_medN2","2022-08-02"
"PI472944-7","4","48","medN","2","PI472944","7","PI472944-7_medN2","2022-07-07"
"PI365344-14","4","47","medN","2","PI365344","14","PI365344-14_medN2","2022-07-18"
"PI365344-9","4","46","medN","2","PI365344","9","PI365344-9_medN2",
"PI473281-8","4","45","medN","2","PI473281","8","PI473281-8_medN2","2022-07-30"
"PI281111-6","4","44","medN","2","PI281111","6","PI281111-6_medN2","2022-07-22"
"PI234011-1","4","43","medN","2","PI234011","1","PI234011-1_medN2","2022-07-08"
"PI473281-9","4","42","medN","2","PI473281","9","PI473281-9_medN2",
"PI281111-14","4","41","medN","2","PI281111","14","PI281111-14_medN2",
"PI498300-11","4","40","medN","2","PI498300","11","PI498300-11_medN2","2022-07-16"
"PI473281-5","4","39","medN","2","PI473281","5","PI473281-5_medN2",
"PI275138-8","4","38","medN","2","PI275138","8","PI275138-8_medN2","2022-07-14"
"PI230503-10","4","37","medN","2","PI230503","10","PI230503-10_medN2","2022-08-01"
"PI473281-1","4","36","medN","2","PI473281","1","PI473281-1_medN2","2022-07-27"
"PI473281-11","4","35","medN","2","PI473281","11","PI473281-11_medN2","2022-08-04"
"PI281111-7","4","34","medN","2","PI281111","7","PI281111-7_medN2",
"PI281111-8","4","33","medN","2","PI281111","8","PI281111-8_medN2",
"PI498298-10","4","32","medN","2","PI498298","10","PI498298-10_medN2","2022-07-12"
"PI498300-10","4","31","medN","2","PI498300","10","PI498300-10_medN2","2022-07-11"
"PI498300-4","4","30","medN","2","PI498300","4","PI498300-4_medN2","2022-08-04"
"PI473281-15","4","29","medN","2","PI473281","15","PI473281-15_medN2","2022-08-03"
"PI498298-5","4","28","medN","2","PI498298","5","PI498298-5_medN2","2022-08-03"
"PI365344-4","4","27","medN","2","PI365344","4","PI365344-4_medN2","NA"
"PI275138-4","4","26","medN","2","PI275138","4","PI275138-4_medN2","2022-07-06"
"PI275138-2","4","25","medN","2","PI275138","2","PI275138-2_medN2","2022-07-06"
"PI275138-11","4","24","medN","2","PI275138","11","PI275138-11_medN2","2022-07-11"
"PI473281-12","4","23","medN","2","PI473281","12","PI473281-12_medN2","2022-07-31"
"PI225677-2","4","22","medN","2","PI225677","2","PI225677-2_medN2","2022-08-01"
"PI225677-7","4","21","medN","2","PI225677","7","PI225677-7_medN2","2022-08-09"
"PI472944-11","4","20","medN","2","PI472944","11","PI472944-11_medN2","2022-07-19"
"PI281111-10","4","19","medN","2","PI281111","10","PI281111-10_medN2","2022-07-30"
"PI365344-10","4","18","medN","2","PI365344","10","PI365344-10_medN2","NA"
"PI234011-8","4","17","medN","2","PI234011","8","PI234011-8_medN2","NA"
"PI225677-4","4","16","medN","2","PI225677","4","PI225677-4_medN2","NA"
"PI365344-2","4","15","medN","2","PI365344","2","PI365344-2_medN2","NA"
"PI275138-12","4","14","medN","2","PI275138","12","PI275138-12_medN2","2022-07-11"
"PI473281-14","4","13","medN","2","PI473281","14","PI473281-14_medN2",
"PI498298-4","4","12","medN","2","PI498298","4","PI498298-4_medN2","2022-07-19"
"PI472944-5","4","11","medN","2","PI472944","5","PI472944-5_medN2","2022-07-06"
"PI498300-9","4","10","medN","2","PI498300","9","PI498300-9_medN2","2022-07-14"
"PI281111-3","4","9","medN","2","PI281111","3","PI281111-3_medN2",
"PI365344-6","4","8","medN","2","PI365344","6","PI365344-6_medN2","2022-08-03"
"PI498300-14","4","7","medN","2","PI498300","14","PI498300-14_medN2","2022-07-18"
"PI365344-8","4","6","medN","2","PI365344","8","PI365344-8_medN2","NA"
"PI472944-12","4","5","medN","2","PI472944","12","PI472944-12_medN2","2022-07-08"
"PI234011-11","4","4","medN","2","PI234011","11","PI234011-11_medN2","2022-08-04"
"PI472944-3","4","3","medN","2","PI472944","3","PI472944-3_medN2","NA"
"PI498298-13","4","2","medN","2","PI498298","13","PI498298-13_medN2","2022-07-19"
"PI230503-12","4","1","medN","2","PI230503","12","PI230503-12_medN2","2022-08-07"
"PI473281-3","1","1","lowN","1","PI473281","3","PI473281-3_lowN1","2022-07-20"
"PI498300-10","1","2","lowN","1","PI498300","10","PI498300-10_lowN1","2022-07-19"
"PI498300-11","1","3","lowN","1","PI498300","11","PI498300-11_lowN1","NA"
"PI365344-3","1","4","lowN","1","PI365344","3","PI365344-3_lowN1",
"PI498298-13","1","5","lowN","1","PI498298","13","PI498298-13_lowN1","2022-07-23"
"PI498298-12","1","6","lowN","1","PI498298","12","PI498298-12_lowN1","NA"
"PI234011-3","1","7","lowN","1","PI234011","3","PI234011-3_lowN1","NA"
"PI472944-5","1","8","lowN","1","PI472944","5","PI472944-5_lowN1","2022-07-11"
"PI498298-7","1","9","lowN","1","PI498298","7","PI498298-7_lowN1","2022-07-19"
"PI234011-12","1","10","lowN","1","PI234011","12","PI234011-12_lowN1","2022-08-02"
"PI275138-12","1","11","lowN","1","PI275138","12","PI275138-12_lowN1","NA"
"PI234011-9","1","12","lowN","1","PI234011","9","PI234011-9_lowN1","2022-07-08"
"PI275138-7","1","13","lowN","1","PI275138","7","PI275138-7_lowN1","2022-07-06"
"PI281111-14","1","14","lowN","1","PI281111","14","PI281111-14_lowN1",
"PI234011-2","1","15","lowN","1","PI234011","2","PI234011-2_lowN1",
"PI498298-8","1","16","lowN","1","PI498298","8","PI498298-8_lowN1","2022-07-13"
"PI230503-15","1","17","lowN","1","PI230503","15","PI230503-15_lowN1",
"PI473281-6","1","18","lowN","1","PI473281","6","PI473281-6_lowN1","2022-08-01"
"PI498298-1","1","19","lowN","1","PI498298","1","PI498298-1_lowN1","2022-07-19"
"PI472944-10","1","20","lowN","1","PI472944","10","PI472944-10_lowN1","2022-07-17"
"PI473281-13","1","21","lowN","1","PI473281","13","PI473281-13_lowN1","2022-08-05"
"PI498298-9","1","22","lowN","1","PI498298","9","PI498298-9_lowN1","2022-07-20"
"PI275138-8","1","23","lowN","1","PI275138","8","PI275138-8_lowN1","2022-07-12"
"PI365344-12","1","24","lowN","1","PI365344","12","PI365344-12_lowN1","NA"
"PI473281-12","1","25","lowN","1","PI473281","12","PI473281-12_lowN1","2022-08-09"
"PI498300-1","1","26","lowN","1","PI498300","1","PI498300-1_lowN1","2022-07-06"
"PI498300-5","1","27","lowN","1","PI498300","5","PI498300-5_lowN1","2022-07-12"
"PI498300-13","1","28","lowN","1","PI498300","13","PI498300-13_lowN1",
"PI473281-2","1","29","lowN","1","PI473281","2","PI473281-2_lowN1",
"PI365344-8","1","30","lowN","1","PI365344","8","PI365344-8_lowN1","2022-07-21"
"PI234011-8","1","31","lowN","1","PI234011","8","PI234011-8_lowN1","2022-07-08"
"PI473281-15","1","32","lowN","1","PI473281","15","PI473281-15_lowN1",
"PI473281-9","1","33","lowN","1","PI473281","9","PI473281-9_lowN1",
"PI234011-6","1","34","lowN","1","PI234011","6","PI234011-6_lowN1","NA"
"PI275138-10","1","35","lowN","1","PI275138","10","PI275138-10_lowN1","2022-07-06"
"PI472944-9","1","36","lowN","1","PI472944","9","PI472944-9_lowN1","2022-07-11"
"PI498300-7","1","37","lowN","1","PI498300","7","PI498300-7_lowN1","2022-07-06"
"PI473281-1","1","38","lowN","1","PI473281","1","PI473281-1_lowN1","2022-07-27"
"PI472944-4","1","39","lowN","1","PI472944","4","PI472944-4_lowN1","2022-07-07"
"PI473281-10","1","40","lowN","1","PI473281","10","PI473281-10_lowN1",
"PI472944-8","1","41","lowN","1","PI472944","8","PI472944-8_lowN1","2022-07-17"
"PI281111-13","1","42","lowN","1","PI281111","13","PI281111-13_lowN1","NA"
"PI225677-10","1","43","lowN","1","PI225677","10","PI225677-10_lowN1","2022-07-30"
"PI281111-6","1","44","lowN","1","PI281111","6","PI281111-6_lowN1","2022-07-28"
"PI230503-8","1","45","lowN","1","PI230503","8","PI230503-8_lowN1","NA"
"PI365344-10","1","46","lowN","1","PI365344","10","PI365344-10_lowN1","NA"
"PI473281-4","1","47","lowN","1","PI473281","4","PI473281-4_lowN1","2022-07-24"
"PI281111-10","1","48","lowN","1","PI281111","10","PI281111-10_lowN1","2022-08-07"
"PI281111-1","1","49","lowN","1","PI281111","1","PI281111-1_lowN1","2022-08-08"
"PI275138-11","1","50","lowN","1","PI275138","11","PI275138-11_lowN1","2022-07-08"
"PI234011-14","1","51","lowN","1","PI234011","14","PI234011-14_lowN1","NA"
"PI225677-2","1","52","lowN","1","PI225677","2","PI225677-2_lowN1","NA"
"PI472944-6","1","53","lowN","1","PI472944","6","PI472944-6_lowN1","NA"
"PI498298-2","1","54","lowN","1","PI498298","2","PI498298-2_lowN1","2022-07-22"
"PI275138-13","1","55","lowN","1","PI275138","13","PI275138-13_lowN1","2022-07-08"
"PI472944-14","1","56","lowN","1","PI472944","14","PI472944-14_lowN1","NA"
"PI275138-1","1","57","lowN","1","PI275138","1","PI275138-1_lowN1","2022-07-16"
"PI230503-11","1","58","lowN","1","PI230503","11","PI230503-11_lowN1","2022-08-02"
"PI230503-13","1","59","lowN","1","PI230503","13","PI230503-13_lowN1","2022-08-03"
"PI275138-14","1","60","lowN","1","PI275138","14","PI275138-14_lowN1","2022-07-06"
"PI498300-6","1","61","lowN","1","PI498300","6","PI498300-6_lowN1","NA"
"PI230503-7","1","62","lowN","1","PI230503","7","PI230503-7_lowN1",
"PI275138-2","1","63","lowN","1","PI275138","2","PI275138-2_lowN1","2022-07-06"
"PI498298-11","1","64","lowN","1","PI498298","11","PI498298-11_lowN1","NA"
"PI498298-3","1","65","lowN","1","PI498298","3","PI498298-3_lowN1","NA"
"PI281111-9","1","66","lowN","1","PI281111","9","PI281111-9_lowN1","2022-07-27"
"PI365344-5","1","67","lowN","1","PI365344","5","PI365344-5_lowN1","2022-07-28"
"PI234011-15","1","68","lowN","1","PI234011","15","PI234011-15_lowN1","NA"
"PI281111-8","1","69","lowN","1","PI281111","8","PI281111-8_lowN1","2022-08-08"
"PI498300-9","1","70","lowN","1","PI498300","9","PI498300-9_lowN1","2022-07-08"
"PI498298-14","1","71","lowN","1","PI498298","14","PI498298-14_lowN1","NA"
"PI281111-2","1","72","lowN","1","PI281111","2","PI281111-2_lowN1","2022-08-01"
"PI234011-4","1","73","lowN","1","PI234011","4","PI234011-4_lowN1",
"PI473281-5","1","74","lowN","1","PI473281","5","PI473281-5_lowN1","2022-08-05"
"PI230503-1","1","75","lowN","1","PI230503","1","PI230503-1_lowN1","NA"
"PI498300-4","1","76","lowN","1","PI498300","4","PI498300-4_lowN1","NA"
"PI498300-14","1","77","lowN","1","PI498300","14","PI498300-14_lowN1","2022-07-08"
"PI365344-14","1","78","lowN","1","PI365344","14","PI365344-14_lowN1","NA"
"PI234011-13","1","79","lowN","1","PI234011","13","PI234011-13_lowN1","NA"
"PI473281-7","1","80","lowN","1","PI473281","7","PI473281-7_lowN1","2022-08-03"
"PI365344-11","1","81","lowN","1","PI365344","11","PI365344-11_lowN1",
"PI230503-10","1","82","lowN","1","PI230503","10","PI230503-10_lowN1","2022-07-19"
"PI498298-15","1","83","lowN","1","PI498298","15","PI498298-15_lowN1","2022-07-13"
"PI498300-15","1","84","lowN","1","PI498300","15","PI498300-15_lowN1","2022-07-18"
"PI365344-1","1","85","lowN","1","PI365344","1","PI365344-1_lowN1","NA"
"PI281111-12","1","86","lowN","1","PI281111","12","PI281111-12_lowN1",
"PI225677-6","1","87","lowN","1","PI225677","6","PI225677-6_lowN1","NA"
"PI275138-6","1","88","lowN","1","PI275138","6","PI275138-6_lowN1","2022-07-12"
"PI498300-2","1","89","lowN","1","PI498300","2","PI498300-2_lowN1",
"PI498300-3","1","90","lowN","1","PI498300","3","PI498300-3_lowN1","2022-08-04"
"PI225677-7","1","91","lowN","1","PI225677","7","PI225677-7_lowN1","2022-08-06"
"PI472944-7","1","92","lowN","1","PI472944","7","PI472944-7_lowN1","2022-07-05"
"PI365344-9","1","93","lowN","1","PI365344","9","PI365344-9_lowN1","2022-07-28"
"PI473281-11","1","94","lowN","1","PI473281","11","PI473281-11_lowN1","2022-08-03"
"PI275138-5","1","95","lowN","1","PI275138","5","PI275138-5_lowN1","2022-07-06"
"PI472944-12","1","96","lowN","1","PI472944","12","PI472944-12_lowN1","2022-07-24"
"PI225677-4","1","97","lowN","1","PI225677","4","PI225677-4_lowN1","NA"
"PI275138-4","1","98","lowN","1","PI275138","4","PI275138-4_lowN1","2022-07-06"
"PI225677-14","1","99","lowN","1","PI225677","14","PI225677-14_lowN1",
"PI498298-5","1","100","lowN","1","PI498298","5","PI498298-5_lowN1","2022-08-06"
"PI234011-11","1","101","lowN","1","PI234011","11","PI234011-11_lowN1","2022-07-09"
"PI281111-11","1","102","lowN","1","PI281111","11","PI281111-11_lowN1","NA"
"PI230503-14","1","103","lowN","1","PI230503","14","PI230503-14_lowN1","2022-08-09"
"PI472944-11","1","104","lowN","1","PI472944","11","PI472944-11_lowN1","2022-07-18"
"PI281111-5","1","105","lowN","1","PI281111","5","PI281111-5_lowN1","2022-07-31"
"PI230503-2","1","106","lowN","1","PI230503","2","PI230503-2_lowN1",
"PI230503-9","1","107","lowN","1","PI230503","9","PI230503-9_lowN1","2022-08-09"
"PI230503-12","1","108","lowN","1","PI230503","12","PI230503-12_lowN1","2022-08-01"
"PI365344-13","1","109","lowN","1","PI365344","13","PI365344-13_lowN1","2022-08-08"
"PI365344-2","1","110","lowN","1","PI365344","2","PI365344-2_lowN1","2022-07-21"
"PI472944-2","1","111","lowN","1","PI472944","2","PI472944-2_lowN1","NA"
"PI275138-3","1","112","lowN","1","PI275138","3","PI275138-3_lowN1","2022-07-06"
"PI473281-8","1","113","lowN","1","PI473281","8","PI473281-8_lowN1","2022-07-20"
"PI473281-14","1","114","lowN","1","PI473281","14","PI473281-14_lowN1",
"PI498298-4","1","115","lowN","1","PI498298","4","PI498298-4_lowN1","2022-07-22"
"PI472944-1","1","116","lowN","1","PI472944","1","PI472944-1_lowN1","2022-07-10"
"PI498300-8","1","117","lowN","1","PI498300","8","PI498300-8_lowN1","NA"
"PI498298-6","1","118","lowN","1","PI498298","6","PI498298-6_lowN1","2022-07-06"
"PI498298-10","1","119","lowN","1","PI498298","10","PI498298-10_lowN1","2022-07-12"
"PI234011-1","1","120","lowN","1","PI234011","1","PI234011-1_lowN1","NA"
"PI281111-7","1","121","lowN","1","PI281111","7","PI281111-7_lowN1",
"PI275138-9","1","122","lowN","1","PI275138","9","PI275138-9_lowN1","NA"
"PI281111-4","1","123","lowN","1","PI281111","4","PI281111-4_lowN1",
"PI472944-3","1","124","lowN","1","PI472944","3","PI472944-3_lowN1","2022-07-10"
"PI365344-15","1","125","lowN","1","PI365344","15","PI365344-15_lowN1","2022-08-02"
"PI281111-3","1","126","lowN","1","PI281111","3","PI281111-3_lowN1","NA"
"PI498300-12","1","127","lowN","1","PI498300","12","PI498300-12_lowN1",
"PI234011-10","1","128","lowN","1","PI234011","10","PI234011-10_lowN1","2022-07-27"
"PI365344-6","1","129","lowN","1","PI365344","6","PI365344-6_lowN1","NA"
"PI472944-13","1","130","lowN","1","PI472944","13","PI472944-13_lowN1","2022-07-12"
"PI365344-4","1","131","lowN","1","PI365344","4","PI365344-4_lowN1","2022-07-21"
"PI225677-11","1","132","lowN","1","PI225677","11","PI225677-11_lowN1","2022-08-06"
"PI498298-13","2","132","lowN","2","PI498298","13","PI498298-13_lowN2","2022-07-21"
"PI365344-11","2","131","lowN","2","PI365344","11","PI365344-11_lowN2","2022-07-10"
"PI365344-15","2","130","lowN","2","PI365344","15","PI365344-15_lowN2","NA"
"PI473281-1","2","129","lowN","2","PI473281","1","PI473281-1_lowN2","2022-07-12"
"PI473281-3","2","128","lowN","2","PI473281","3","PI473281-3_lowN2","2022-08-01"
"PI498298-15","2","127","lowN","2","PI498298","15","PI498298-15_lowN2","2022-07-18"
"PI498300-15","2","126","lowN","2","PI498300","15","PI498300-15_lowN2","2022-07-20"
"PI498298-11","2","125","lowN","2","PI498298","11","PI498298-11_lowN2",
"PI230503-10","2","124","lowN","2","PI230503","10","PI230503-10_lowN2","NA"
"PI275138-5","2","123","lowN","2","PI275138","5","PI275138-5_lowN2","2022-07-08"
"PI230503-8","2","122","lowN","2","PI230503","8","PI230503-8_lowN2","2022-08-08"
"PI473281-6","2","121","lowN","2","PI473281","6","PI473281-6_lowN2","2022-08-06"
"PI234011-11","2","120","lowN","2","PI234011","11","PI234011-11_lowN2","2022-07-24"
"PI472944-5","2","119","lowN","2","PI472944","5","PI472944-5_lowN2","2022-07-06"
"PI472944-3","2","118","lowN","2","PI472944","3","PI472944-3_lowN2","2022-07-26"
"PI472944-13","2","117","lowN","2","PI472944","13","PI472944-13_lowN2","2022-07-11"
"PI281111-12","2","116","lowN","2","PI281111","12","PI281111-12_lowN2","2022-08-08"
"PI498300-14","2","115","lowN","2","PI498300","14","PI498300-14_lowN2",
"PI498298-8","2","114","lowN","2","PI498298","8","PI498298-8_lowN2","2022-07-12"
"PI234011-14","2","113","lowN","2","PI234011","14","PI234011-14_lowN2","NA"
"PI234011-4","2","112","lowN","2","PI234011","4","PI234011-4_lowN2","2022-08-04"
"PI275138-7","2","111","lowN","2","PI275138","7","PI275138-7_lowN2","NA"
"PI275138-8","2","110","lowN","2","PI275138","8","PI275138-8_lowN2","2022-07-12"
"PI234011-12","2","109","lowN","2","PI234011","12","PI234011-12_lowN2","NA"
"PI275138-10","2","108","lowN","2","PI275138","10","PI275138-10_lowN2","2022-07-06"
"PI275138-9","2","107","lowN","2","PI275138","9","PI275138-9_lowN2","2022-07-06"
"PI225677-10","2","106","lowN","2","PI225677","10","PI225677-10_lowN2","2022-07-18"
"PI365344-2","2","105","lowN","2","PI365344","2","PI365344-2_lowN2","NA"
"PI281111-2","2","104","lowN","2","PI281111","2","PI281111-2_lowN2","2022-08-08"
"PI281111-4","2","103","lowN","2","PI281111","4","PI281111-4_lowN2",
"PI498298-10","2","102","lowN","2","PI498298","10","PI498298-10_lowN2","2022-07-11"
"PI365344-14","2","101","lowN","2","PI365344","14","PI365344-14_lowN2","2022-07-19"
"PI473281-10","2","100","lowN","2","PI473281","10","PI473281-10_lowN2","2022-07-31"
"PI498298-3","2","99","lowN","2","PI498298","3","PI498298-3_lowN2","NA"
"PI473281-13","2","98","lowN","2","PI473281","13","PI473281-13_lowN2","2022-08-04"
"PI498300-6","2","97","lowN","2","PI498300","6","PI498300-6_lowN2","NA"
"PI472944-4","2","96","lowN","2","PI472944","4","PI472944-4_lowN2","2022-07-06"
"PI498300-1","2","95","lowN","2","PI498300","1","PI498300-1_lowN2","2022-07-27"
"PI473281-2","2","94","lowN","2","PI473281","2","PI473281-2_lowN2",
"PI275138-2","2","93","lowN","2","PI275138","2","PI275138-2_lowN2","2022-07-14"
"PI281111-7","2","92","lowN","2","PI281111","7","PI281111-7_lowN2",
"PI498300-2","2","91","lowN","2","PI498300","2","PI498300-2_lowN2",
"PI365344-1","2","90","lowN","2","PI365344","1","PI365344-1_lowN2","NA"
"PI230503-7","2","89","lowN","2","PI230503","7","PI230503-7_lowN2",
"PI365344-13","2","88","lowN","2","PI365344","13","PI365344-13_lowN2","2022-07-15"
"PI225677-4","2","87","lowN","2","PI225677","4","PI225677-4_lowN2",
"PI230503-14","2","86","lowN","2","PI230503","14","PI230503-14_lowN2",
"PI472944-9","2","85","lowN","2","PI472944","9","PI472944-9_lowN2","2022-07-12"
"PI472944-6","2","84","lowN","2","PI472944","6","PI472944-6_lowN2","2022-07-14"
"PI365344-6","2","83","lowN","2","PI365344","6","PI365344-6_lowN2","NA"
"PI472944-12","2","82","lowN","2","PI472944","12","PI472944-12_lowN2","2022-07-09"
"PI472944-11","2","81","lowN","2","PI472944","11","PI472944-11_lowN2","2022-07-11"
"PI498298-4","2","80","lowN","2","PI498298","4","PI498298-4_lowN2","2022-07-19"
"PI473281-12","2","79","lowN","2","PI473281","12","PI473281-12_lowN2","2022-08-03"
"PI281111-13","2","78","lowN","2","PI281111","13","PI281111-13_lowN2","2022-08-08"
"PI275138-12","2","77","lowN","2","PI275138","12","PI275138-12_lowN2","2022-07-11"
"PI234011-2","2","76","lowN","2","PI234011","2","PI234011-2_lowN2",
"PI275138-13","2","75","lowN","2","PI275138","13","PI275138-13_lowN2","2022-07-12"
"PI234011-9","2","74","lowN","2","PI234011","9","PI234011-9_lowN2","2022-07-11"
"PI473281-4","2","73","lowN","2","PI473281","4","PI473281-4_lowN2","2022-07-12"
"PI365344-10","2","72","lowN","2","PI365344","10","PI365344-10_lowN2","2022-08-01"
"PI498300-10","2","71","lowN","2","PI498300","10","PI498300-10_lowN2","2022-07-06"
"PI498300-12","2","70","lowN","2","PI498300","12","PI498300-12_lowN2",
"PI234011-3","2","69","lowN","2","PI234011","3","PI234011-3_lowN2",
"PI473281-8","2","68","lowN","2","PI473281","8","PI473281-8_lowN2","2022-07-30"
"PI473281-15","2","67","lowN","2","PI473281","15","PI473281-15_lowN2","2022-08-02"
"PI365344-5","2","66","lowN","2","PI365344","5","PI365344-5_lowN2","2022-07-19"
"PI498300-5","2","65","lowN","2","PI498300","5","PI498300-5_lowN2","2022-07-17"
"PI281111-9","2","64","lowN","2","PI281111","9","PI281111-9_lowN2",
"PI230503-13","2","63","lowN","2","PI230503","13","PI230503-13_lowN2",
"PI498298-5","2","62","lowN","2","PI498298","5","PI498298-5_lowN2",
"PI498300-13","2","61","lowN","2","PI498300","13","PI498300-13_lowN2","2022-07-21"
"PI230503-2","2","60","lowN","2","PI230503","2","PI230503-2_lowN2",
"PI498300-9","2","59","lowN","2","PI498300","9","PI498300-9_lowN2","2022-07-12"
"PI234011-6","2","58","lowN","2","PI234011","6","PI234011-6_lowN2",
"PI281111-8","2","57","lowN","2","PI281111","8","PI281111-8_lowN2","NA"
"PI275138-6","2","56","lowN","2","PI275138","6","PI275138-6_lowN2","NA"
"PI225677-6","2","55","lowN","2","PI225677","6","PI225677-6_lowN2","2022-07-10"
"PI498298-14","2","54","lowN","2","PI498298","14","PI498298-14_lowN2","2022-07-19"
"PI472944-8","2","53","lowN","2","PI472944","8","PI472944-8_lowN2","2022-07-08"
"PI225677-14","2","52","lowN","2","PI225677","14","PI225677-14_lowN2","NA"
"PI281111-3","2","51","lowN","2","PI281111","3","PI281111-3_lowN2","2022-08-04"
"PI230503-1","2","50","lowN","2","PI230503","1","PI230503-1_lowN2",
"PI498300-4","2","49","lowN","2","PI498300","4","PI498300-4_lowN2","NA"
"PI281111-10","2","48","lowN","2","PI281111","10","PI281111-10_lowN2","2022-08-05"
"PI498298-12","2","47","lowN","2","PI498298","12","PI498298-12_lowN2","2022-07-22"
"PI275138-14","2","46","lowN","2","PI275138","14","PI275138-14_lowN2","2022-07-06"
"PI473281-9","2","45","lowN","2","PI473281","9","PI473281-9_lowN2","2022-08-06"
"PI234011-1","2","44","lowN","2","PI234011","1","PI234011-1_lowN2","2022-08-05"
"PI281111-5","2","43","lowN","2","PI281111","5","PI281111-5_lowN2","NA"
"PI498300-3","2","42","lowN","2","PI498300","3","PI498300-3_lowN2","2022-08-09"
"PI275138-1","2","41","lowN","2","PI275138","1","PI275138-1_lowN2","NA"
"PI230503-9","2","40","lowN","2","PI230503","9","PI230503-9_lowN2","NA"
"PI365344-9","2","39","lowN","2","PI365344","9","PI365344-9_lowN2","2022-07-21"
"PI281111-14","2","38","lowN","2","PI281111","14","PI281111-14_lowN2",
"PI365344-4","2","37","lowN","2","PI365344","4","PI365344-4_lowN2","NA"
"PI281111-11","2","36","lowN","2","PI281111","11","PI281111-11_lowN2","NA"
"PI234011-13","2","35","lowN","2","PI234011","13","PI234011-13_lowN2","NA"
"PI472944-7","2","34","lowN","2","PI472944","7","PI472944-7_lowN2","2022-07-10"
"PI281111-1","2","33","lowN","2","PI281111","1","PI281111-1_lowN2","2022-08-06"
"PI498300-8","2","32","lowN","2","PI498300","8","PI498300-8_lowN2","NA"
"PI281111-6","2","31","lowN","2","PI281111","6","PI281111-6_lowN2","2022-08-01"
"PI473281-11","2","30","lowN","2","PI473281","11","PI473281-11_lowN2","2022-08-01"
"PI225677-7","2","29","lowN","2","PI225677","7","PI225677-7_lowN2","2022-08-07"
"PI498298-9","2","28","lowN","2","PI498298","9","PI498298-9_lowN2","2022-07-21"
"PI234011-15","2","27","lowN","2","PI234011","15","PI234011-15_lowN2","NA"
"PI365344-8","2","26","lowN","2","PI365344","8","PI365344-8_lowN2","2022-07-11"
"PI472944-14","2","25","lowN","2","PI472944","14","PI472944-14_lowN2","2022-07-14"
"PI225677-2","2","24","lowN","2","PI225677","2","PI225677-2_lowN2","NA"
"PI225677-11","2","23","lowN","2","PI225677","11","PI225677-11_lowN2","NA"
"PI275138-11","2","22","lowN","2","PI275138","11","PI275138-11_lowN2","2022-07-06"
"PI473281-5","2","21","lowN","2","PI473281","5","PI473281-5_lowN2","2022-08-01"
"PI498298-7","2","20","lowN","2","PI498298","7","PI498298-7_lowN2","2022-07-09"
"PI472944-2","2","19","lowN","2","PI472944","2","PI472944-2_lowN2","2022-07-08"
"PI498300-7","2","18","lowN","2","PI498300","7","PI498300-7_lowN2","2022-07-08"
"PI473281-7","2","17","lowN","2","PI473281","7","PI473281-7_lowN2","2022-07-17"
"PI498298-6","2","16","lowN","2","PI498298","6","PI498298-6_lowN2","2022-07-18"
"PI498300-11","2","15","lowN","2","PI498300","11","PI498300-11_lowN2","2022-07-25"
"PI275138-4","2","14","lowN","2","PI275138","4","PI275138-4_lowN2","2022-07-11"
"PI498298-1","2","13","lowN","2","PI498298","1","PI498298-1_lowN2","2022-07-11"
"PI230503-11","2","12","lowN","2","PI230503","11","PI230503-11_lowN2","2022-07-22"
"PI234011-8","2","11","lowN","2","PI234011","8","PI234011-8_lowN2","NA"
"PI498298-2","2","10","lowN","2","PI498298","2","PI498298-2_lowN2","2022-07-22"
"PI275138-3","2","9","lowN","2","PI275138","3","PI275138-3_lowN2","2022-07-09"
"PI472944-1","2","8","lowN","2","PI472944","1","PI472944-1_lowN2","2022-07-08"
"PI230503-12","2","7","lowN","2","PI230503","12","PI230503-12_lowN2","2022-07-27"
"PI472944-10","2","6","lowN","2","PI472944","10","PI472944-10_lowN2","2022-07-07"
"PI365344-3","2","5","lowN","2","PI365344","3","PI365344-3_lowN2",
"PI473281-14","2","4","lowN","2","PI473281","14","PI473281-14_lowN2","2022-08-03"
"PI234011-10","2","3","lowN","2","PI234011","10","PI234011-10_lowN2","NA"
"PI230503-15","2","2","lowN","2","PI230503","15","PI230503-15_lowN2","NA"
"PI365344-12","2","1","lowN","2","PI365344","12","PI365344-12_lowN2",
"PI473281-4","5","1","highN","1","PI473281","4","PI473281-4_highN1","2022-07-29"
"PI498298-6","5","2","highN","1","PI498298","6","PI498298-6_highN1","2022-07-19"
"PI472944-5","5","3","highN","1","PI472944","5","PI472944-5_highN1","NA"
"PI498300-12","5","4","highN","1","PI498300","12","PI498300-12_highN1",
"PI365344-9","5","5","highN","1","PI365344","9","PI365344-9_highN1","2022-08-05"
"PI225677-11","5","6","highN","1","PI225677","11","PI225677-11_highN1","2022-08-10"
"PI472944-7","5","7","highN","1","PI472944","7","PI472944-7_highN1","2022-07-08"
"PI473281-3","5","8","highN","1","PI473281","3","PI473281-3_highN1","2022-07-19"
"PI473281-11","5","9","highN","1","PI473281","11","PI473281-11_highN1","2022-08-02"
"PI472944-3","5","10","highN","1","PI472944","3","PI472944-3_highN1","2022-07-15"
"PI498298-2","5","11","highN","1","PI498298","2","PI498298-2_highN1","2022-07-22"
"PI472944-4","5","12","highN","1","PI472944","4","PI472944-4_highN1","2022-07-06"
"PI498298-11","5","13","highN","1","PI498298","11","PI498298-11_highN1","NA"
"PI230503-7","5","14","highN","1","PI230503","7","PI230503-7_highN1",
"PI498300-5","5","15","highN","1","PI498300","5","PI498300-5_highN1","2022-07-11"
"PI281111-12","5","16","highN","1","PI281111","12","PI281111-12_highN1","2022-08-08"
"PI365344-14","5","17","highN","1","PI365344","14","PI365344-14_highN1","2022-07-08"
"PI473281-9","5","18","highN","1","PI473281","9","PI473281-9_highN1","2022-08-05"
"PI225677-4","5","19","highN","1","PI225677","4","PI225677-4_highN1","2022-07-30"
"PI498298-4","5","20","highN","1","PI498298","4","PI498298-4_highN1","2022-07-19"
"PI230503-9","5","21","highN","1","PI230503","9","PI230503-9_highN1","2022-08-01"
"PI498298-10","5","22","highN","1","PI498298","10","PI498298-10_highN1","2022-07-11"
"PI275138-1","5","23","highN","1","PI275138","1","PI275138-1_highN1","2022-07-06"
"PI498298-1","5","24","highN","1","PI498298","1","PI498298-1_highN1","2022-07-16"
"PI473281-14","5","25","highN","1","PI473281","14","PI473281-14_highN1","2022-08-01"
"PI498300-14","5","26","highN","1","PI498300","14","PI498300-14_highN1","2022-07-06"
"PI275138-5","5","27","highN","1","PI275138","5","PI275138-5_highN1","2022-07-06"
"PI275138-10","5","28","highN","1","PI275138","10","PI275138-10_highN1","2022-07-04"
"PI234011-3","5","29","highN","1","PI234011","3","PI234011-3_highN1","2022-08-03"
"PI234011-13","5","30","highN","1","PI234011","13","PI234011-13_highN1","NA"
"PI472944-12","5","31","highN","1","PI472944","12","PI472944-12_highN1","2022-07-11"
"PI472944-1","5","32","highN","1","PI472944","1","PI472944-1_highN1","2022-07-12"
"PI473281-8","5","33","highN","1","PI473281","8","PI473281-8_highN1","2022-07-27"
"PI281111-3","5","34","highN","1","PI281111","3","PI281111-3_highN1","2022-08-08"
"PI225677-2","5","35","highN","1","PI225677","2","PI225677-2_highN1","NA"
"PI275138-8","5","36","highN","1","PI275138","8","PI275138-8_highN1","2022-07-06"
"PI225677-10","5","37","highN","1","PI225677","10","PI225677-10_highN1","2022-07-18"
"PI281111-9","5","38","highN","1","PI281111","9","PI281111-9_highN1","2022-07-16"
"PI275138-4","5","39","highN","1","PI275138","4","PI275138-4_highN1","NA"
"PI498298-13","5","40","highN","1","PI498298","13","PI498298-13_highN1","2022-07-20"
"PI498300-3","5","41","highN","1","PI498300","3","PI498300-3_highN1","2022-07-11"
"PI365344-2","5","42","highN","1","PI365344","2","PI365344-2_highN1","2022-07-19"
"PI365344-12","5","43","highN","1","PI365344","12","PI365344-12_highN1",
"PI498300-2","5","44","highN","1","PI498300","2","PI498300-2_highN1","2022-08-02"
"PI234011-2","5","45","highN","1","PI234011","2","PI234011-2_highN1","2022-08-01"
"PI230503-10","5","46","highN","1","PI230503","10","PI230503-10_highN1","2022-08-09"
"PI472944-8","5","47","highN","1","PI472944","8","PI472944-8_highN1","2022-07-06"
"PI365344-1","5","48","highN","1","PI365344","1","PI365344-1_highN1","NA"
"PI473281-2","5","49","highN","1","PI473281","2","PI473281-2_highN1","2022-08-06"
"PI281111-13","5","50","highN","1","PI281111","13","PI281111-13_highN1","2022-08-07"
"PI365344-5","5","51","highN","1","PI365344","5","PI365344-5_highN1","2022-07-29"
"PI365344-10","5","52","highN","1","PI365344","10","PI365344-10_highN1",
"PI472944-9","5","53","highN","1","PI472944","9","PI472944-9_highN1","2022-07-10"
"PI234011-4","5","54","highN","1","PI234011","4","PI234011-4_highN1","2022-08-06"
"PI498298-3","5","55","highN","1","PI498298","3","PI498298-3_highN1","2022-07-11"
"PI498298-12","5","56","highN","1","PI498298","12","PI498298-12_highN1","2022-07-26"
"PI234011-1","5","57","highN","1","PI234011","1","PI234011-1_highN1",
"PI498298-14","5","58","highN","1","PI498298","14","PI498298-14_highN1","2022-07-16"
"PI473281-12","5","59","highN","1","PI473281","12","PI473281-12_highN1","2022-08-10"
"PI472944-10","5","60","highN","1","PI472944","10","PI472944-10_highN1","NA"
"PI498300-13","5","61","highN","1","PI498300","13","PI498300-13_highN1","2022-07-11"
"PI473281-13","5","62","highN","1","PI473281","13","PI473281-13_highN1","2022-08-02"
"PI230503-8","5","63","highN","1","PI230503","8","PI230503-8_highN1","2022-08-07"
"PI498300-10","5","64","highN","1","PI498300","10","PI498300-10_highN1","2022-07-06"
"PI275138-2","5","65","highN","1","PI275138","2","PI275138-2_highN1","2022-07-08"
"PI281111-4","5","66","highN","1","PI281111","4","PI281111-4_highN1",
"PI234011-11","5","67","highN","1","PI234011","11","PI234011-11_highN1","2022-07-08"
"PI498300-11","5","68","highN","1","PI498300","11","PI498300-11_highN1","2022-07-20"
"PI234011-15","5","69","highN","1","PI234011","15","PI234011-15_highN1","NA"
"PI498298-7","5","70","highN","1","PI498298","7","PI498298-7_highN1","NA"
"PI281111-11","5","71","highN","1","PI281111","11","PI281111-11_highN1",
"PI365344-13","5","72","highN","1","PI365344","13","PI365344-13_highN1",
"PI365344-3","5","73","highN","1","PI365344","3","PI365344-3_highN1","2022-08-06"
"PI365344-6","5","74","highN","1","PI365344","6","PI365344-6_highN1","NA"
"PI230503-1","5","75","highN","1","PI230503","1","PI230503-1_highN1","NA"
"PI498300-15","5","76","highN","1","PI498300","15","PI498300-15_highN1","2022-07-08"
"PI498300-1","5","77","highN","1","PI498300","1","PI498300-1_highN1","2022-07-06"
"PI473281-10","5","78","highN","1","PI473281","10","PI473281-10_highN1","2022-07-27"
"PI230503-13","5","79","highN","1","PI230503","13","PI230503-13_highN1",
"PI275138-12","5","80","highN","1","PI275138","12","PI275138-12_highN1","2022-07-20"
"PI275138-11","5","81","highN","1","PI275138","11","PI275138-11_highN1","2022-07-05"
"PI225677-14","5","82","highN","1","PI225677","14","PI225677-14_highN1","2022-08-05"
"PI473281-1","5","83","highN","1","PI473281","1","PI473281-1_highN1","2022-07-26"
"PI234011-12","5","84","highN","1","PI234011","12","PI234011-12_highN1","2022-08-09"
"PI473281-15","5","85","highN","1","PI473281","15","PI473281-15_highN1","2022-08-07"
"PI234011-9","5","86","highN","1","PI234011","9","PI234011-9_highN1","2022-07-21"
"PI498298-8","5","87","highN","1","PI498298","8","PI498298-8_highN1","2022-07-12"
"PI472944-6","5","88","highN","1","PI472944","6","PI472944-6_highN1","2022-07-12"
"PI234011-10","5","89","highN","1","PI234011","10","PI234011-10_highN1","NA"
"PI281111-10","5","90","highN","1","PI281111","10","PI281111-10_highN1","2022-08-08"
"PI275138-3","5","91","highN","1","PI275138","3","PI275138-3_highN1","2022-07-08"
"PI234011-6","5","92","highN","1","PI234011","6","PI234011-6_highN1","2022-07-06"
"PI230503-12","5","93","highN","1","PI230503","12","PI230503-12_highN1","2022-07-31"
"PI498298-5","5","94","highN","1","PI498298","5","PI498298-5_highN1","2022-08-09"
"PI275138-9","5","95","highN","1","PI275138","9","PI275138-9_highN1","2022-07-08"
"PI498300-8","5","96","highN","1","PI498300","8","PI498300-8_highN1","2022-08-03"
"PI230503-15","5","97","highN","1","PI230503","15","PI230503-15_highN1",
"PI275138-6","5","98","highN","1","PI275138","6","PI275138-6_highN1","NA"
"PI281111-14","5","99","highN","1","PI281111","14","PI281111-14_highN1",
"PI472944-14","5","100","highN","1","PI472944","14","PI472944-14_highN1","2022-07-08"
"PI281111-7","5","101","highN","1","PI281111","7","PI281111-7_highN1","2022-08-09"
"PI473281-6","5","102","highN","1","PI473281","6","PI473281-6_highN1","2022-08-05"
"PI365344-15","5","103","highN","1","PI365344","15","PI365344-15_highN1","2022-07-20"
"PI498298-15","5","104","highN","1","PI498298","15","PI498298-15_highN1","2022-07-16"
"PI281111-6","5","105","highN","1","PI281111","6","PI281111-6_highN1","2022-07-28"
"PI365344-4","5","106","highN","1","PI365344","4","PI365344-4_highN1","NA"
"PI225677-7","5","107","highN","1","PI225677","7","PI225677-7_highN1","NA"
"PI365344-11","5","108","highN","1","PI365344","11","PI365344-11_highN1","NA"
"PI275138-13","5","109","highN","1","PI275138","13","PI275138-13_highN1","2022-07-08"
"PI473281-7","5","110","highN","1","PI473281","7","PI473281-7_highN1","2022-07-29"
"PI234011-14","5","111","highN","1","PI234011","14","PI234011-14_highN1","NA"
"PI365344-8","5","112","highN","1","PI365344","8","PI365344-8_highN1",
"PI498300-6","5","113","highN","1","PI498300","6","PI498300-6_highN1","NA"
"PI472944-2","5","114","highN","1","PI472944","2","PI472944-2_highN1","NA"
"PI498300-9","5","115","highN","1","PI498300","9","PI498300-9_highN1","2022-07-11"
"PI275138-14","5","116","highN","1","PI275138","14","PI275138-14_highN1","2022-07-05"
"PI498300-7","5","117","highN","1","PI498300","7","PI498300-7_highN1","2022-07-07"
"PI281111-8","5","118","highN","1","PI281111","8","PI281111-8_highN1","2022-08-02"
"PI472944-11","5","119","highN","1","PI472944","11","PI472944-11_highN1","2022-07-14"
"PI230503-11","5","120","highN","1","PI230503","11","PI230503-11_highN1","2022-08-05"
"PI281111-2","5","121","highN","1","PI281111","2","PI281111-2_highN1","2022-08-02"
"PI498298-9","5","122","highN","1","PI498298","9","PI498298-9_highN1","2022-07-19"
"PI225677-6","5","123","highN","1","PI225677","6","PI225677-6_highN1","2022-07-17"
"PI234011-8","5","124","highN","1","PI234011","8","PI234011-8_highN1","2022-08-02"
"PI230503-14","5","125","highN","1","PI230503","14","PI230503-14_highN1",
"PI472944-13","5","126","highN","1","PI472944","13","PI472944-13_highN1","NA"
"PI275138-7","5","127","highN","1","PI275138","7","PI275138-7_highN1","NA"
"PI230503-2","5","128","highN","1","PI230503","2","PI230503-2_highN1",
"PI281111-1","5","129","highN","1","PI281111","1","PI281111-1_highN1","2022-08-05"
"PI473281-5","5","130","highN","1","PI473281","5","PI473281-5_highN1",
"PI281111-5","5","131","highN","1","PI281111","5","PI281111-5_highN1","2022-07-26"
"PI498300-4","5","132","highN","1","PI498300","4","PI498300-4_highN1","2022-07-27"
"PI234011-8","6","132","highN","2","PI234011","8","PI234011-8_highN2","2022-07-08"
"PI498298-5","6","131","highN","2","PI498298","5","PI498298-5_highN2","2022-08-02"
"PI498298-4","6","130","highN","2","PI498298","4","PI498298-4_highN2","NA"
"PI498300-11","6","129","highN","2","PI498300","11","PI498300-11_highN2","2022-07-21"
"PI230503-2","6","128","highN","2","PI230503","2","PI230503-2_highN2",
"PI230503-9","6","127","highN","2","PI230503","9","PI230503-9_highN2","2022-08-02"
"PI281111-5","6","126","highN","2","PI281111","5","PI281111-5_highN2","2022-08-02"
"PI498298-1","6","125","highN","2","PI498298","1","PI498298-1_highN2","2022-07-10"
"PI498298-8","6","124","highN","2","PI498298","8","PI498298-8_highN2","2022-07-22"
"PI275138-4","6","123","highN","2","PI275138","4","PI275138-4_highN2","2022-07-08"
"PI234011-10","6","122","highN","2","PI234011","10","PI234011-10_highN2",
"PI498300-6","6","121","highN","2","PI498300","6","PI498300-6_highN2","NA"
"PI473281-3","6","120","highN","2","PI473281","3","PI473281-3_highN2","2022-08-01"
"PI473281-7","6","119","highN","2","PI473281","7","PI473281-7_highN2","2022-07-19"
"PI275138-9","6","118","highN","2","PI275138","9","PI275138-9_highN2","2022-07-06"
"PI234011-13","6","117","highN","2","PI234011","13","PI234011-13_highN2",
"PI234011-1","6","116","highN","2","PI234011","1","PI234011-1_highN2","2022-07-12"
"PI365344-15","6","115","highN","2","PI365344","15","PI365344-15_highN2",
"PI472944-12","6","114","highN","2","PI472944","12","PI472944-12_highN2","2022-07-15"
"PI473281-14","6","113","highN","2","PI473281","14","PI473281-14_highN2","NA"
"PI498300-7","6","112","highN","2","PI498300","7","PI498300-7_highN2","NA"
"PI498300-5","6","111","highN","2","PI498300","5","PI498300-5_highN2","2022-07-18"
"PI225677-11","6","110","highN","2","PI225677","11","PI225677-11_highN2","NA"
"PI498298-11","6","109","highN","2","PI498298","11","PI498298-11_highN2","NA"
"PI230503-1","6","108","highN","2","PI230503","1","PI230503-1_highN2","NA"
"PI225677-4","6","107","highN","2","PI225677","4","PI225677-4_highN2","NA"
"PI498300-8","6","106","highN","2","PI498300","8","PI498300-8_highN2","2022-08-04"
"PI472944-6","6","105","highN","2","PI472944","6","PI472944-6_highN2","2022-07-12"
"PI498298-12","6","104","highN","2","PI498298","12","PI498298-12_highN2","2022-07-21"
"PI275138-2","6","103","highN","2","PI275138","2","PI275138-2_highN2","2022-07-15"
"PI472944-3","6","102","highN","2","PI472944","3","PI472944-3_highN2","NA"
"PI498298-10","6","101","highN","2","PI498298","10","PI498298-10_highN2","2022-07-17"
"PI472944-5","6","100","highN","2","PI472944","5","PI472944-5_highN2","2022-07-06"
"PI275138-3","6","99","highN","2","PI275138","3","PI275138-3_highN2","2022-07-06"
"PI472944-13","6","98","highN","2","PI472944","13","PI472944-13_highN2","2022-07-11"
"PI498300-2","6","97","highN","2","PI498300","2","PI498300-2_highN2",
"PI365344-1","6","96","highN","2","PI365344","1","PI365344-1_highN2",
"PI365344-10","6","95","highN","2","PI365344","10","PI365344-10_highN2","2022-07-26"
"PI472944-4","6","94","highN","2","PI472944","4","PI472944-4_highN2","2022-07-06"
"PI498298-15","6","93","highN","2","PI498298","15","PI498298-15_highN2","2022-07-15"
"PI473281-10","6","92","highN","2","PI473281","10","PI473281-10_highN2","2022-08-01"
"PI365344-3","6","91","highN","2","PI365344","3","PI365344-3_highN2","2022-07-30"
"PI473281-6","6","90","highN","2","PI473281","6","PI473281-6_highN2","2022-07-23"
"PI275138-6","6","89","highN","2","PI275138","6","PI275138-6_highN2","2022-07-16"
"PI275138-7","6","88","highN","2","PI275138","7","PI275138-7_highN2","2022-07-06"
"PI365344-9","6","87","highN","2","PI365344","9","PI365344-9_highN2","NA"
"PI472944-2","6","86","highN","2","PI472944","2","PI472944-2_highN2","2022-07-05"
"PI281111-12","6","85","highN","2","PI281111","12","PI281111-12_highN2","2022-07-31"
"PI498298-2","6","84","highN","2","PI498298","2","PI498298-2_highN2","2022-07-23"
"PI365344-6","6","83","highN","2","PI365344","6","PI365344-6_highN2","NA"
"PI281111-6","6","82","highN","2","PI281111","6","PI281111-6_highN2","2022-08-08"
"PI230503-12","6","81","highN","2","PI230503","12","PI230503-12_highN2","2022-08-01"
"PI473281-11","6","80","highN","2","PI473281","11","PI473281-11_highN2","NA"
"PI225677-14","6","79","highN","2","PI225677","14","PI225677-14_highN2","NA"
"PI498300-12","6","78","highN","2","PI498300","12","PI498300-12_highN2","NA"
"PI472944-8","6","77","highN","2","PI472944","8","PI472944-8_highN2","2022-07-11"
"PI498300-1","6","76","highN","2","PI498300","1","PI498300-1_highN2","2022-07-06"
"PI498298-3","6","75","highN","2","PI498298","3","PI498298-3_highN2","2022-07-13"
"PI498298-13","6","74","highN","2","PI498298","13","PI498298-13_highN2","2022-07-08"
"PI281111-4","6","73","highN","2","PI281111","4","PI281111-4_highN2","2022-07-19"
"PI234011-9","6","72","highN","2","PI234011","9","PI234011-9_highN2","2022-07-24"
"PI498300-4","6","71","highN","2","PI498300","4","PI498300-4_highN2",
"PI275138-11","6","70","highN","2","PI275138","11","PI275138-11_highN2",
"PI281111-10","6","69","highN","2","PI281111","10","PI281111-10_highN2","2022-08-05"
"PI225677-10","6","68","highN","2","PI225677","10","PI225677-10_highN2","2022-07-17"
"PI230503-15","6","67","highN","2","PI230503","15","PI230503-15_highN2",
"PI281111-11","6","66","highN","2","PI281111","11","PI281111-11_highN2",
"PI498300-3","6","65","highN","2","PI498300","3","PI498300-3_highN2","2022-07-20"
"PI498300-14","6","64","highN","2","PI498300","14","PI498300-14_highN2","2022-07-16"
"PI234011-14","6","63","highN","2","PI234011","14","PI234011-14_highN2","NA"
"PI365344-5","6","62","highN","2","PI365344","5","PI365344-5_highN2","2022-08-02"
"PI365344-11","6","61","highN","2","PI365344","11","PI365344-11_highN2","NA"
"PI365344-14","6","60","highN","2","PI365344","14","PI365344-14_highN2","2022-08-06"
"PI498298-9","6","59","highN","2","PI498298","9","PI498298-9_highN2","2022-07-22"
"PI234011-11","6","58","highN","2","PI234011","11","PI234011-11_highN2","2022-07-31"
"PI234011-3","6","57","highN","2","PI234011","3","PI234011-3_highN2","2022-08-08"
"PI275138-8","6","56","highN","2","PI275138","8","PI275138-8_highN2","2022-07-05"
"PI472944-1","6","55","highN","2","PI472944","1","PI472944-1_highN2","2022-07-11"
"PI230503-13","6","54","highN","2","PI230503","13","PI230503-13_highN2","2022-08-09"
"PI234011-2","6","53","highN","2","PI234011","2","PI234011-2_highN2",
"PI498300-13","6","52","highN","2","PI498300","13","PI498300-13_highN2","2022-07-23"
"PI281111-9","6","51","highN","2","PI281111","9","PI281111-9_highN2","2022-07-15"
"PI498300-10","6","50","highN","2","PI498300","10","PI498300-10_highN2","2022-07-08"
"PI234011-12","6","49","highN","2","PI234011","12","PI234011-12_highN2",
"PI498298-14","6","48","highN","2","PI498298","14","PI498298-14_highN2","2022-07-22"
"PI275138-13","6","47","highN","2","PI275138","13","PI275138-13_highN2","2022-07-12"
"PI472944-10","6","46","highN","2","PI472944","10","PI472944-10_highN2","2022-07-06"
"PI498300-9","6","45","highN","2","PI498300","9","PI498300-9_highN2",
"PI234011-15","6","44","highN","2","PI234011","15","PI234011-15_highN2","NA"
"PI281111-2","6","43","highN","2","PI281111","2","PI281111-2_highN2","2022-07-31"
"PI281111-3","6","42","highN","2","PI281111","3","PI281111-3_highN2","2022-08-05"
"PI498298-6","6","41","highN","2","PI498298","6","PI498298-6_highN2","2022-07-08"
"PI275138-1","6","40","highN","2","PI275138","1","PI275138-1_highN2","NA"
"PI230503-10","6","39","highN","2","PI230503","10","PI230503-10_highN2","2022-08-02"
"PI275138-12","6","38","highN","2","PI275138","12","PI275138-12_highN2","2022-07-06"
"PI230503-8","6","37","highN","2","PI230503","8","PI230503-8_highN2","2022-08-01"
"PI472944-9","6","36","highN","2","PI472944","9","PI472944-9_highN2","2022-07-22"
"PI472944-11","6","35","highN","2","PI472944","11","PI472944-11_highN2","NA"
"PI365344-2","6","34","highN","2","PI365344","2","PI365344-2_highN2","2022-07-25"
"PI225677-7","6","33","highN","2","PI225677","7","PI225677-7_highN2",
"PI281111-13","6","32","highN","2","PI281111","13","PI281111-13_highN2","2022-08-04"
"PI473281-13","6","31","highN","2","PI473281","13","PI473281-13_highN2",
"PI234011-6","6","30","highN","2","PI234011","6","PI234011-6_highN2","2022-08-01"
"PI473281-8","6","29","highN","2","PI473281","8","PI473281-8_highN2","2022-07-27"
"PI225677-2","6","28","highN","2","PI225677","2","PI225677-2_highN2","NA"
"PI275138-5","6","27","highN","2","PI275138","5","PI275138-5_highN2","2022-07-12"
"PI230503-11","6","26","highN","2","PI230503","11","PI230503-11_highN2",
"PI473281-12","6","25","highN","2","PI473281","12","PI473281-12_highN2","NA"
"PI365344-12","6","24","highN","2","PI365344","12","PI365344-12_highN2","NA"
"PI225677-6","6","23","highN","2","PI225677","6","PI225677-6_highN2","NA"
"PI498300-15","6","22","highN","2","PI498300","15","PI498300-15_highN2","2022-07-12"
"PI365344-8","6","21","highN","2","PI365344","8","PI365344-8_highN2","NA"
"PI472944-7","6","20","highN","2","PI472944","7","PI472944-7_highN2","2022-07-12"
"PI473281-2","6","19","highN","2","PI473281","2","PI473281-2_highN2",
"PI473281-15","6","18","highN","2","PI473281","15","PI473281-15_highN2","2022-08-06"
"PI498298-7","6","17","highN","2","PI498298","7","PI498298-7_highN2","2022-07-08"
"PI281111-8","6","16","highN","2","PI281111","8","PI281111-8_highN2","NA"
"PI473281-1","6","15","highN","2","PI473281","1","PI473281-1_highN2","2022-07-27"
"PI275138-14","6","14","highN","2","PI275138","14","PI275138-14_highN2","2022-07-05"
"PI281111-7","6","13","highN","2","PI281111","7","PI281111-7_highN2","NA"
"PI473281-4","6","12","highN","2","PI473281","4","PI473281-4_highN2","2022-07-10"
"PI281111-1","6","11","highN","2","PI281111","1","PI281111-1_highN2","NA"
"PI230503-14","6","10","highN","2","PI230503","14","PI230503-14_highN2",
"PI275138-10","6","9","highN","2","PI275138","10","PI275138-10_highN2","2022-07-06"
"PI281111-14","6","8","highN","2","PI281111","14","PI281111-14_highN2","2022-08-02"
"PI472944-14","6","7","highN","2","PI472944","14","PI472944-14_highN2","2022-07-11"
"PI473281-9","6","6","highN","2","PI473281","9","PI473281-9_highN2","2022-08-06"
"PI234011-4","6","5","highN","2","PI234011","4","PI234011-4_highN2","2022-08-04"
"PI473281-5","6","4","highN","2","PI473281","5","PI473281-5_highN2",
"PI365344-13","6","3","highN","2","PI365344","13","PI365344-13_highN2","NA"
"PI365344-4","6","2","highN","2","PI365344","4","PI365344-4_highN2","NA"
"PI230503-7","6","1","highN","2","PI230503","7","PI230503-7_highN2",
